<?xml version="1.0" encoding="UTF-8"?>
<root>
  <item name="com.heytap.wearable.support.recycler.widget.FastScroller mAnimationState">
    <annotation name="androidx.annotation.IntDef">
      <val name="value" val="{com.heytap.wearable.support.recycler.widget.FastScroller.ANIMATION_STATE_OUT, com.heytap.wearable.support.recycler.widget.FastScroller.ANIMATION_STATE_FADING_IN, com.heytap.wearable.support.recycler.widget.FastScroller.ANIMATION_STATE_IN, com.heytap.wearable.support.recycler.widget.FastScroller.ANIMATION_STATE_FADING_OUT}" />
    </annotation>
  </item>
  <item name="com.heytap.wearable.support.recycler.widget.FastScroller mDragState">
    <annotation name="androidx.annotation.IntDef">
      <val name="value" val="{com.heytap.wearable.support.recycler.widget.FastScroller.DRAG_X, com.heytap.wearable.support.recycler.widget.FastScroller.DRAG_Y, com.heytap.wearable.support.recycler.widget.FastScroller.DRAG_NONE}" />
    </annotation>
  </item>
  <item name="com.heytap.wearable.support.recycler.widget.FastScroller mState">
    <annotation name="androidx.annotation.IntDef">
      <val name="value" val="{com.heytap.wearable.support.recycler.widget.FastScroller.STATE_HIDDEN, com.heytap.wearable.support.recycler.widget.FastScroller.STATE_VISIBLE, com.heytap.wearable.support.recycler.widget.FastScroller.STATE_DRAGGING}" />
    </annotation>
  </item>
  <item name="com.heytap.wearable.support.recycler.widget.FastScroller void setState(int) 0">
    <annotation name="androidx.annotation.IntDef">
      <val name="value" val="{com.heytap.wearable.support.recycler.widget.FastScroller.STATE_HIDDEN, com.heytap.wearable.support.recycler.widget.FastScroller.STATE_VISIBLE, com.heytap.wearable.support.recycler.widget.FastScroller.STATE_DRAGGING}" />
    </annotation>
  </item>
  <item name="com.heytap.wearable.support.recycler.widget.GridLayoutManager GridLayoutManager(android.content.Context, int, int, boolean) 2">
    <annotation name="androidx.annotation.IntDef">
      <val name="value" val="{com.heytap.wearable.support.recycler.widget.RecyclerView.HORIZONTAL, com.heytap.wearable.support.recycler.widget.RecyclerView.VERTICAL}" />
    </annotation>
  </item>
  <item name="com.heytap.wearable.support.recycler.widget.LinearLayoutManager LinearLayoutManager(android.content.Context, int, boolean) 1">
    <annotation name="androidx.annotation.IntDef">
      <val name="value" val="{com.heytap.wearable.support.recycler.widget.RecyclerView.HORIZONTAL, com.heytap.wearable.support.recycler.widget.RecyclerView.VERTICAL}" />
    </annotation>
  </item>
  <item name="com.heytap.wearable.support.recycler.widget.LinearLayoutManager int getOrientation()">
    <annotation name="androidx.annotation.IntDef">
      <val name="value" val="{com.heytap.wearable.support.recycler.widget.RecyclerView.HORIZONTAL, com.heytap.wearable.support.recycler.widget.RecyclerView.VERTICAL}" />
    </annotation>
  </item>
  <item name="com.heytap.wearable.support.recycler.widget.LinearLayoutManager mOrientation">
    <annotation name="androidx.annotation.IntDef">
      <val name="value" val="{com.heytap.wearable.support.recycler.widget.RecyclerView.HORIZONTAL, com.heytap.wearable.support.recycler.widget.RecyclerView.VERTICAL}" />
    </annotation>
  </item>
  <item name="com.heytap.wearable.support.recycler.widget.LinearLayoutManager void setOrientation(int) 0">
    <annotation name="androidx.annotation.IntDef">
      <val name="value" val="{com.heytap.wearable.support.recycler.widget.RecyclerView.HORIZONTAL, com.heytap.wearable.support.recycler.widget.RecyclerView.VERTICAL}" />
    </annotation>
  </item>
  <item name="com.heytap.wearable.support.recycler.widget.OrientationHelper com.heytap.wearable.support.recycler.widget.OrientationHelper createOrientationHelper(com.heytap.wearable.support.recycler.widget.RecyclerView.LayoutManager, int) 1">
    <annotation name="androidx.annotation.IntDef">
      <val name="value" val="{com.heytap.wearable.support.recycler.widget.RecyclerView.HORIZONTAL, com.heytap.wearable.support.recycler.widget.RecyclerView.VERTICAL}" />
    </annotation>
  </item>
  <item name="com.heytap.wearable.support.recycler.widget.RecyclerView.ItemAnimator com.heytap.wearable.support.recycler.widget.RecyclerView.ItemAnimator.ItemHolderInfo recordPreLayoutInformation(com.heytap.wearable.support.recycler.widget.RecyclerView.State, com.heytap.wearable.support.recycler.widget.RecyclerView.ViewHolder, int, java.util.List&lt;java.lang.Object&gt;) 2">
    <annotation name="androidx.annotation.IntDef">
      <val name="flag" val="true" />
      <val name="value" val="{com.heytap.wearable.support.recycler.widget.RecyclerView.ItemAnimator.FLAG_CHANGED, com.heytap.wearable.support.recycler.widget.RecyclerView.ItemAnimator.FLAG_REMOVED, com.heytap.wearable.support.recycler.widget.RecyclerView.ItemAnimator.FLAG_MOVED, com.heytap.wearable.support.recycler.widget.RecyclerView.ItemAnimator.FLAG_INVALIDATED, com.heytap.wearable.support.recycler.widget.RecyclerView.ItemAnimator.FLAG_APPEARED_IN_PRE_LAYOUT}" />
    </annotation>
  </item>
  <item name="com.heytap.wearable.support.recycler.widget.RecyclerView.ItemAnimator int buildAdapterChangeFlagsForAnimations(com.heytap.wearable.support.recycler.widget.RecyclerView.ViewHolder)">
    <annotation name="androidx.annotation.IntDef">
      <val name="flag" val="true" />
      <val name="value" val="{com.heytap.wearable.support.recycler.widget.RecyclerView.ItemAnimator.FLAG_CHANGED, com.heytap.wearable.support.recycler.widget.RecyclerView.ItemAnimator.FLAG_REMOVED, com.heytap.wearable.support.recycler.widget.RecyclerView.ItemAnimator.FLAG_MOVED, com.heytap.wearable.support.recycler.widget.RecyclerView.ItemAnimator.FLAG_INVALIDATED, com.heytap.wearable.support.recycler.widget.RecyclerView.ItemAnimator.FLAG_APPEARED_IN_PRE_LAYOUT}" />
    </annotation>
  </item>
  <item name="com.heytap.wearable.support.recycler.widget.RecyclerView.ItemAnimator.AdapterChanges">
    <annotation name="androidx.annotation.IntDef">
      <val name="flag" val="true" />
      <val name="value" val="{com.heytap.wearable.support.recycler.widget.RecyclerView.ItemAnimator.FLAG_CHANGED, com.heytap.wearable.support.recycler.widget.RecyclerView.ItemAnimator.FLAG_REMOVED, com.heytap.wearable.support.recycler.widget.RecyclerView.ItemAnimator.FLAG_MOVED, com.heytap.wearable.support.recycler.widget.RecyclerView.ItemAnimator.FLAG_INVALIDATED, com.heytap.wearable.support.recycler.widget.RecyclerView.ItemAnimator.FLAG_APPEARED_IN_PRE_LAYOUT}" />
    </annotation>
  </item>
  <item name="com.heytap.wearable.support.recycler.widget.RecyclerView.ItemAnimator.ItemHolderInfo changeFlags">
    <annotation name="androidx.annotation.IntDef">
      <val name="flag" val="true" />
      <val name="value" val="{com.heytap.wearable.support.recycler.widget.RecyclerView.ItemAnimator.FLAG_CHANGED, com.heytap.wearable.support.recycler.widget.RecyclerView.ItemAnimator.FLAG_REMOVED, com.heytap.wearable.support.recycler.widget.RecyclerView.ItemAnimator.FLAG_MOVED, com.heytap.wearable.support.recycler.widget.RecyclerView.ItemAnimator.FLAG_INVALIDATED, com.heytap.wearable.support.recycler.widget.RecyclerView.ItemAnimator.FLAG_APPEARED_IN_PRE_LAYOUT}" />
    </annotation>
  </item>
  <item name="com.heytap.wearable.support.recycler.widget.RecyclerView.ItemAnimator.ItemHolderInfo com.heytap.wearable.support.recycler.widget.RecyclerView.ItemAnimator.ItemHolderInfo setFrom(com.heytap.wearable.support.recycler.widget.RecyclerView.ViewHolder, int) 1">
    <annotation name="androidx.annotation.IntDef">
      <val name="flag" val="true" />
      <val name="value" val="{com.heytap.wearable.support.recycler.widget.RecyclerView.ItemAnimator.FLAG_CHANGED, com.heytap.wearable.support.recycler.widget.RecyclerView.ItemAnimator.FLAG_REMOVED, com.heytap.wearable.support.recycler.widget.RecyclerView.ItemAnimator.FLAG_MOVED, com.heytap.wearable.support.recycler.widget.RecyclerView.ItemAnimator.FLAG_INVALIDATED, com.heytap.wearable.support.recycler.widget.RecyclerView.ItemAnimator.FLAG_APPEARED_IN_PRE_LAYOUT}" />
    </annotation>
  </item>
  <item name="com.heytap.wearable.support.recycler.widget.RecyclerView.Orientation">
    <annotation name="androidx.annotation.IntDef">
      <val name="value" val="{com.heytap.wearable.support.recycler.widget.RecyclerView.HORIZONTAL, com.heytap.wearable.support.recycler.widget.RecyclerView.VERTICAL}" />
    </annotation>
  </item>
  <item name="com.heytap.wearable.support.recycler.widget.RecyclerView.State mLayoutStep">
    <annotation name="androidx.annotation.IntDef">
      <val name="flag" val="true" />
      <val name="value" val="{com.heytap.wearable.support.recycler.widget.RecyclerView.State.STEP_START, com.heytap.wearable.support.recycler.widget.RecyclerView.State.STEP_LAYOUT, com.heytap.wearable.support.recycler.widget.RecyclerView.State.STEP_ANIMATIONS}" />
    </annotation>
  </item>
  <item name="com.heytap.wearable.support.recycler.widget.ViewBoundsCheck android.view.View findOneViewWithinBoundFlags(int, int, int, int) 2">
    <annotation name="androidx.annotation.IntDef">
      <val name="flag" val="true" />
      <val name="value" val="{com.heytap.wearable.support.recycler.widget.ViewBoundsCheck.FLAG_CVS_GT_PVS, com.heytap.wearable.support.recycler.widget.ViewBoundsCheck.FLAG_CVS_EQ_PVS, com.heytap.wearable.support.recycler.widget.ViewBoundsCheck.FLAG_CVS_LT_PVS, com.heytap.wearable.support.recycler.widget.ViewBoundsCheck.FLAG_CVS_GT_PVE, com.heytap.wearable.support.recycler.widget.ViewBoundsCheck.FLAG_CVS_EQ_PVE, com.heytap.wearable.support.recycler.widget.ViewBoundsCheck.FLAG_CVS_LT_PVE, com.heytap.wearable.support.recycler.widget.ViewBoundsCheck.FLAG_CVE_GT_PVS, com.heytap.wearable.support.recycler.widget.ViewBoundsCheck.FLAG_CVE_EQ_PVS, com.heytap.wearable.support.recycler.widget.ViewBoundsCheck.FLAG_CVE_LT_PVS, com.heytap.wearable.support.recycler.widget.ViewBoundsCheck.FLAG_CVE_GT_PVE, com.heytap.wearable.support.recycler.widget.ViewBoundsCheck.FLAG_CVE_EQ_PVE, com.heytap.wearable.support.recycler.widget.ViewBoundsCheck.FLAG_CVE_LT_PVE}" />
    </annotation>
  </item>
  <item name="com.heytap.wearable.support.recycler.widget.ViewBoundsCheck android.view.View findOneViewWithinBoundFlags(int, int, int, int) 3">
    <annotation name="androidx.annotation.IntDef">
      <val name="flag" val="true" />
      <val name="value" val="{com.heytap.wearable.support.recycler.widget.ViewBoundsCheck.FLAG_CVS_GT_PVS, com.heytap.wearable.support.recycler.widget.ViewBoundsCheck.FLAG_CVS_EQ_PVS, com.heytap.wearable.support.recycler.widget.ViewBoundsCheck.FLAG_CVS_LT_PVS, com.heytap.wearable.support.recycler.widget.ViewBoundsCheck.FLAG_CVS_GT_PVE, com.heytap.wearable.support.recycler.widget.ViewBoundsCheck.FLAG_CVS_EQ_PVE, com.heytap.wearable.support.recycler.widget.ViewBoundsCheck.FLAG_CVS_LT_PVE, com.heytap.wearable.support.recycler.widget.ViewBoundsCheck.FLAG_CVE_GT_PVS, com.heytap.wearable.support.recycler.widget.ViewBoundsCheck.FLAG_CVE_EQ_PVS, com.heytap.wearable.support.recycler.widget.ViewBoundsCheck.FLAG_CVE_LT_PVS, com.heytap.wearable.support.recycler.widget.ViewBoundsCheck.FLAG_CVE_GT_PVE, com.heytap.wearable.support.recycler.widget.ViewBoundsCheck.FLAG_CVE_EQ_PVE, com.heytap.wearable.support.recycler.widget.ViewBoundsCheck.FLAG_CVE_LT_PVE}" />
    </annotation>
  </item>
  <item name="com.heytap.wearable.support.recycler.widget.ViewBoundsCheck boolean isViewWithinBoundFlags(android.view.View, int) 1">
    <annotation name="androidx.annotation.IntDef">
      <val name="flag" val="true" />
      <val name="value" val="{com.heytap.wearable.support.recycler.widget.ViewBoundsCheck.FLAG_CVS_GT_PVS, com.heytap.wearable.support.recycler.widget.ViewBoundsCheck.FLAG_CVS_EQ_PVS, com.heytap.wearable.support.recycler.widget.ViewBoundsCheck.FLAG_CVS_LT_PVS, com.heytap.wearable.support.recycler.widget.ViewBoundsCheck.FLAG_CVS_GT_PVE, com.heytap.wearable.support.recycler.widget.ViewBoundsCheck.FLAG_CVS_EQ_PVE, com.heytap.wearable.support.recycler.widget.ViewBoundsCheck.FLAG_CVS_LT_PVE, com.heytap.wearable.support.recycler.widget.ViewBoundsCheck.FLAG_CVE_GT_PVS, com.heytap.wearable.support.recycler.widget.ViewBoundsCheck.FLAG_CVE_EQ_PVS, com.heytap.wearable.support.recycler.widget.ViewBoundsCheck.FLAG_CVE_LT_PVS, com.heytap.wearable.support.recycler.widget.ViewBoundsCheck.FLAG_CVE_GT_PVE, com.heytap.wearable.support.recycler.widget.ViewBoundsCheck.FLAG_CVE_EQ_PVE, com.heytap.wearable.support.recycler.widget.ViewBoundsCheck.FLAG_CVE_LT_PVE}" />
    </annotation>
  </item>
  <item name="com.heytap.wearable.support.recycler.widget.ViewBoundsCheck.BoundFlags void addFlags(int) 0">
    <annotation name="androidx.annotation.IntDef">
      <val name="flag" val="true" />
      <val name="value" val="{com.heytap.wearable.support.recycler.widget.ViewBoundsCheck.FLAG_CVS_GT_PVS, com.heytap.wearable.support.recycler.widget.ViewBoundsCheck.FLAG_CVS_EQ_PVS, com.heytap.wearable.support.recycler.widget.ViewBoundsCheck.FLAG_CVS_LT_PVS, com.heytap.wearable.support.recycler.widget.ViewBoundsCheck.FLAG_CVS_GT_PVE, com.heytap.wearable.support.recycler.widget.ViewBoundsCheck.FLAG_CVS_EQ_PVE, com.heytap.wearable.support.recycler.widget.ViewBoundsCheck.FLAG_CVS_LT_PVE, com.heytap.wearable.support.recycler.widget.ViewBoundsCheck.FLAG_CVE_GT_PVS, com.heytap.wearable.support.recycler.widget.ViewBoundsCheck.FLAG_CVE_EQ_PVS, com.heytap.wearable.support.recycler.widget.ViewBoundsCheck.FLAG_CVE_LT_PVS, com.heytap.wearable.support.recycler.widget.ViewBoundsCheck.FLAG_CVE_GT_PVE, com.heytap.wearable.support.recycler.widget.ViewBoundsCheck.FLAG_CVE_EQ_PVE, com.heytap.wearable.support.recycler.widget.ViewBoundsCheck.FLAG_CVE_LT_PVE}" />
    </annotation>
  </item>
  <item name="com.heytap.wearable.support.recycler.widget.ViewBoundsCheck.BoundFlags void setFlags(int, int) 0">
    <annotation name="androidx.annotation.IntDef">
      <val name="flag" val="true" />
      <val name="value" val="{com.heytap.wearable.support.recycler.widget.ViewBoundsCheck.FLAG_CVS_GT_PVS, com.heytap.wearable.support.recycler.widget.ViewBoundsCheck.FLAG_CVS_EQ_PVS, com.heytap.wearable.support.recycler.widget.ViewBoundsCheck.FLAG_CVS_LT_PVS, com.heytap.wearable.support.recycler.widget.ViewBoundsCheck.FLAG_CVS_GT_PVE, com.heytap.wearable.support.recycler.widget.ViewBoundsCheck.FLAG_CVS_EQ_PVE, com.heytap.wearable.support.recycler.widget.ViewBoundsCheck.FLAG_CVS_LT_PVE, com.heytap.wearable.support.recycler.widget.ViewBoundsCheck.FLAG_CVE_GT_PVS, com.heytap.wearable.support.recycler.widget.ViewBoundsCheck.FLAG_CVE_EQ_PVS, com.heytap.wearable.support.recycler.widget.ViewBoundsCheck.FLAG_CVE_LT_PVS, com.heytap.wearable.support.recycler.widget.ViewBoundsCheck.FLAG_CVE_GT_PVE, com.heytap.wearable.support.recycler.widget.ViewBoundsCheck.FLAG_CVE_EQ_PVE, com.heytap.wearable.support.recycler.widget.ViewBoundsCheck.FLAG_CVE_LT_PVE}" />
    </annotation>
  </item>
  <item name="com.heytap.wearable.support.recycler.widget.ViewBoundsCheck.ViewBounds">
    <annotation name="androidx.annotation.IntDef">
      <val name="flag" val="true" />
      <val name="value" val="{com.heytap.wearable.support.recycler.widget.ViewBoundsCheck.FLAG_CVS_GT_PVS, com.heytap.wearable.support.recycler.widget.ViewBoundsCheck.FLAG_CVS_EQ_PVS, com.heytap.wearable.support.recycler.widget.ViewBoundsCheck.FLAG_CVS_LT_PVS, com.heytap.wearable.support.recycler.widget.ViewBoundsCheck.FLAG_CVS_GT_PVE, com.heytap.wearable.support.recycler.widget.ViewBoundsCheck.FLAG_CVS_EQ_PVE, com.heytap.wearable.support.recycler.widget.ViewBoundsCheck.FLAG_CVS_LT_PVE, com.heytap.wearable.support.recycler.widget.ViewBoundsCheck.FLAG_CVE_GT_PVS, com.heytap.wearable.support.recycler.widget.ViewBoundsCheck.FLAG_CVE_EQ_PVS, com.heytap.wearable.support.recycler.widget.ViewBoundsCheck.FLAG_CVE_LT_PVS, com.heytap.wearable.support.recycler.widget.ViewBoundsCheck.FLAG_CVE_GT_PVE, com.heytap.wearable.support.recycler.widget.ViewBoundsCheck.FLAG_CVE_EQ_PVE, com.heytap.wearable.support.recycler.widget.ViewBoundsCheck.FLAG_CVE_LT_PVE}" />
    </annotation>
  </item>
</root>

