<?xml version="1.0" encoding="UTF-8"?>
<root>
  <item name="com.heytap.wearable.support.recycler.v4.NestedScrollingChild boolean startNestedScroll(int) 0">
    <annotation name="androidx.annotation.IntDef">
      <val name="value" val="{com.heytap.wearable.support.recycler.v4.ViewCompat.SCROLL_AXIS_NONE, com.heytap.wearable.support.recycler.v4.ViewCompat.SCROLL_AXIS_HORIZONTAL, com.heytap.wearable.support.recycler.v4.ViewCompat.SCROLL_AXIS_VERTICAL}" />
      <val name="flag" val="true" />
    </annotation>
  </item>
  <item name="com.heytap.wearable.support.recycler.v4.NestedScrollingChild2 boolean dispatchNestedPreScroll(int, int, int[], int[], int) 4">
    <annotation name="androidx.annotation.IntDef">
      <val name="value" val="{com.heytap.wearable.support.recycler.v4.ViewCompat.TYPE_TOUCH, com.heytap.wearable.support.recycler.v4.ViewCompat.TYPE_NON_TOUCH}" />
    </annotation>
  </item>
  <item name="com.heytap.wearable.support.recycler.v4.NestedScrollingChild2 boolean dispatchNestedScroll(int, int, int, int, int[], int) 5">
    <annotation name="androidx.annotation.IntDef">
      <val name="value" val="{com.heytap.wearable.support.recycler.v4.ViewCompat.TYPE_TOUCH, com.heytap.wearable.support.recycler.v4.ViewCompat.TYPE_NON_TOUCH}" />
    </annotation>
  </item>
  <item name="com.heytap.wearable.support.recycler.v4.NestedScrollingChild2 boolean hasNestedScrollingParent(int) 0">
    <annotation name="androidx.annotation.IntDef">
      <val name="value" val="{com.heytap.wearable.support.recycler.v4.ViewCompat.TYPE_TOUCH, com.heytap.wearable.support.recycler.v4.ViewCompat.TYPE_NON_TOUCH}" />
    </annotation>
  </item>
  <item name="com.heytap.wearable.support.recycler.v4.NestedScrollingChild2 boolean startNestedScroll(int, int) 0">
    <annotation name="androidx.annotation.IntDef">
      <val name="value" val="{com.heytap.wearable.support.recycler.v4.ViewCompat.SCROLL_AXIS_NONE, com.heytap.wearable.support.recycler.v4.ViewCompat.SCROLL_AXIS_HORIZONTAL, com.heytap.wearable.support.recycler.v4.ViewCompat.SCROLL_AXIS_VERTICAL}" />
      <val name="flag" val="true" />
    </annotation>
  </item>
  <item name="com.heytap.wearable.support.recycler.v4.NestedScrollingChild2 boolean startNestedScroll(int, int) 1">
    <annotation name="androidx.annotation.IntDef">
      <val name="value" val="{com.heytap.wearable.support.recycler.v4.ViewCompat.TYPE_TOUCH, com.heytap.wearable.support.recycler.v4.ViewCompat.TYPE_NON_TOUCH}" />
    </annotation>
  </item>
  <item name="com.heytap.wearable.support.recycler.v4.NestedScrollingChild2 void stopNestedScroll(int) 0">
    <annotation name="androidx.annotation.IntDef">
      <val name="value" val="{com.heytap.wearable.support.recycler.v4.ViewCompat.TYPE_TOUCH, com.heytap.wearable.support.recycler.v4.ViewCompat.TYPE_NON_TOUCH}" />
    </annotation>
  </item>
  <item name="com.heytap.wearable.support.recycler.v4.NestedScrollingChildHelper android.view.ViewParent getNestedScrollingParentForType(int) 0">
    <annotation name="androidx.annotation.IntDef">
      <val name="value" val="{com.heytap.wearable.support.recycler.v4.ViewCompat.TYPE_TOUCH, com.heytap.wearable.support.recycler.v4.ViewCompat.TYPE_NON_TOUCH}" />
    </annotation>
  </item>
  <item name="com.heytap.wearable.support.recycler.v4.NestedScrollingChildHelper boolean dispatchNestedPreScroll(int, int, int[], int[], int) 4">
    <annotation name="androidx.annotation.IntDef">
      <val name="value" val="{com.heytap.wearable.support.recycler.v4.ViewCompat.TYPE_TOUCH, com.heytap.wearable.support.recycler.v4.ViewCompat.TYPE_NON_TOUCH}" />
    </annotation>
  </item>
  <item name="com.heytap.wearable.support.recycler.v4.NestedScrollingChildHelper boolean dispatchNestedScroll(int, int, int, int, int[], int) 5">
    <annotation name="androidx.annotation.IntDef">
      <val name="value" val="{com.heytap.wearable.support.recycler.v4.ViewCompat.TYPE_TOUCH, com.heytap.wearable.support.recycler.v4.ViewCompat.TYPE_NON_TOUCH}" />
    </annotation>
  </item>
  <item name="com.heytap.wearable.support.recycler.v4.NestedScrollingChildHelper boolean hasNestedScrollingParent(int) 0">
    <annotation name="androidx.annotation.IntDef">
      <val name="value" val="{com.heytap.wearable.support.recycler.v4.ViewCompat.TYPE_TOUCH, com.heytap.wearable.support.recycler.v4.ViewCompat.TYPE_NON_TOUCH}" />
    </annotation>
  </item>
  <item name="com.heytap.wearable.support.recycler.v4.NestedScrollingChildHelper boolean startNestedScroll(int) 0">
    <annotation name="androidx.annotation.IntDef">
      <val name="value" val="{com.heytap.wearable.support.recycler.v4.ViewCompat.SCROLL_AXIS_NONE, com.heytap.wearable.support.recycler.v4.ViewCompat.SCROLL_AXIS_HORIZONTAL, com.heytap.wearable.support.recycler.v4.ViewCompat.SCROLL_AXIS_VERTICAL}" />
      <val name="flag" val="true" />
    </annotation>
  </item>
  <item name="com.heytap.wearable.support.recycler.v4.NestedScrollingChildHelper boolean startNestedScroll(int, int) 0">
    <annotation name="androidx.annotation.IntDef">
      <val name="value" val="{com.heytap.wearable.support.recycler.v4.ViewCompat.SCROLL_AXIS_NONE, com.heytap.wearable.support.recycler.v4.ViewCompat.SCROLL_AXIS_HORIZONTAL, com.heytap.wearable.support.recycler.v4.ViewCompat.SCROLL_AXIS_VERTICAL}" />
      <val name="flag" val="true" />
    </annotation>
  </item>
  <item name="com.heytap.wearable.support.recycler.v4.NestedScrollingChildHelper boolean startNestedScroll(int, int) 1">
    <annotation name="androidx.annotation.IntDef">
      <val name="value" val="{com.heytap.wearable.support.recycler.v4.ViewCompat.TYPE_TOUCH, com.heytap.wearable.support.recycler.v4.ViewCompat.TYPE_NON_TOUCH}" />
    </annotation>
  </item>
  <item name="com.heytap.wearable.support.recycler.v4.NestedScrollingChildHelper void setNestedScrollingParentForType(int, android.view.ViewParent) 0">
    <annotation name="androidx.annotation.IntDef">
      <val name="value" val="{com.heytap.wearable.support.recycler.v4.ViewCompat.TYPE_TOUCH, com.heytap.wearable.support.recycler.v4.ViewCompat.TYPE_NON_TOUCH}" />
    </annotation>
  </item>
  <item name="com.heytap.wearable.support.recycler.v4.NestedScrollingChildHelper void stopNestedScroll(int) 0">
    <annotation name="androidx.annotation.IntDef">
      <val name="value" val="{com.heytap.wearable.support.recycler.v4.ViewCompat.TYPE_TOUCH, com.heytap.wearable.support.recycler.v4.ViewCompat.TYPE_NON_TOUCH}" />
    </annotation>
  </item>
  <item name="com.heytap.wearable.support.recycler.v4.NestedScrollingParent boolean onStartNestedScroll(android.view.View, android.view.View, int) 2">
    <annotation name="androidx.annotation.IntDef">
      <val name="value" val="{com.heytap.wearable.support.recycler.v4.ViewCompat.SCROLL_AXIS_NONE, com.heytap.wearable.support.recycler.v4.ViewCompat.SCROLL_AXIS_HORIZONTAL, com.heytap.wearable.support.recycler.v4.ViewCompat.SCROLL_AXIS_VERTICAL}" />
      <val name="flag" val="true" />
    </annotation>
  </item>
  <item name="com.heytap.wearable.support.recycler.v4.NestedScrollingParent int getNestedScrollAxes()">
    <annotation name="androidx.annotation.IntDef">
      <val name="value" val="{com.heytap.wearable.support.recycler.v4.ViewCompat.SCROLL_AXIS_NONE, com.heytap.wearable.support.recycler.v4.ViewCompat.SCROLL_AXIS_HORIZONTAL, com.heytap.wearable.support.recycler.v4.ViewCompat.SCROLL_AXIS_VERTICAL}" />
      <val name="flag" val="true" />
    </annotation>
  </item>
  <item name="com.heytap.wearable.support.recycler.v4.NestedScrollingParent void onNestedScrollAccepted(android.view.View, android.view.View, int) 2">
    <annotation name="androidx.annotation.IntDef">
      <val name="value" val="{com.heytap.wearable.support.recycler.v4.ViewCompat.SCROLL_AXIS_NONE, com.heytap.wearable.support.recycler.v4.ViewCompat.SCROLL_AXIS_HORIZONTAL, com.heytap.wearable.support.recycler.v4.ViewCompat.SCROLL_AXIS_VERTICAL}" />
      <val name="flag" val="true" />
    </annotation>
  </item>
  <item name="com.heytap.wearable.support.recycler.v4.NestedScrollingParent2 boolean onStartNestedScroll(android.view.View, android.view.View, int, int) 2">
    <annotation name="androidx.annotation.IntDef">
      <val name="value" val="{com.heytap.wearable.support.recycler.v4.ViewCompat.SCROLL_AXIS_NONE, com.heytap.wearable.support.recycler.v4.ViewCompat.SCROLL_AXIS_HORIZONTAL, com.heytap.wearable.support.recycler.v4.ViewCompat.SCROLL_AXIS_VERTICAL}" />
      <val name="flag" val="true" />
    </annotation>
  </item>
  <item name="com.heytap.wearable.support.recycler.v4.NestedScrollingParent2 boolean onStartNestedScroll(android.view.View, android.view.View, int, int) 3">
    <annotation name="androidx.annotation.IntDef">
      <val name="value" val="{com.heytap.wearable.support.recycler.v4.ViewCompat.TYPE_TOUCH, com.heytap.wearable.support.recycler.v4.ViewCompat.TYPE_NON_TOUCH}" />
    </annotation>
  </item>
  <item name="com.heytap.wearable.support.recycler.v4.NestedScrollingParent2 void onNestedPreScroll(android.view.View, int, int, int[], int) 4">
    <annotation name="androidx.annotation.IntDef">
      <val name="value" val="{com.heytap.wearable.support.recycler.v4.ViewCompat.TYPE_TOUCH, com.heytap.wearable.support.recycler.v4.ViewCompat.TYPE_NON_TOUCH}" />
    </annotation>
  </item>
  <item name="com.heytap.wearable.support.recycler.v4.NestedScrollingParent2 void onNestedScroll(android.view.View, int, int, int, int, int) 5">
    <annotation name="androidx.annotation.IntDef">
      <val name="value" val="{com.heytap.wearable.support.recycler.v4.ViewCompat.TYPE_TOUCH, com.heytap.wearable.support.recycler.v4.ViewCompat.TYPE_NON_TOUCH}" />
    </annotation>
  </item>
  <item name="com.heytap.wearable.support.recycler.v4.NestedScrollingParent2 void onNestedScrollAccepted(android.view.View, android.view.View, int, int) 2">
    <annotation name="androidx.annotation.IntDef">
      <val name="value" val="{com.heytap.wearable.support.recycler.v4.ViewCompat.SCROLL_AXIS_NONE, com.heytap.wearable.support.recycler.v4.ViewCompat.SCROLL_AXIS_HORIZONTAL, com.heytap.wearable.support.recycler.v4.ViewCompat.SCROLL_AXIS_VERTICAL}" />
      <val name="flag" val="true" />
    </annotation>
  </item>
  <item name="com.heytap.wearable.support.recycler.v4.NestedScrollingParent2 void onNestedScrollAccepted(android.view.View, android.view.View, int, int) 3">
    <annotation name="androidx.annotation.IntDef">
      <val name="value" val="{com.heytap.wearable.support.recycler.v4.ViewCompat.TYPE_TOUCH, com.heytap.wearable.support.recycler.v4.ViewCompat.TYPE_NON_TOUCH}" />
    </annotation>
  </item>
  <item name="com.heytap.wearable.support.recycler.v4.NestedScrollingParent2 void onStopNestedScroll(android.view.View, int) 1">
    <annotation name="androidx.annotation.IntDef">
      <val name="value" val="{com.heytap.wearable.support.recycler.v4.ViewCompat.TYPE_TOUCH, com.heytap.wearable.support.recycler.v4.ViewCompat.TYPE_NON_TOUCH}" />
    </annotation>
  </item>
  <item name="com.heytap.wearable.support.recycler.v4.ViewCompat android.view.View keyboardNavigationClusterSearch(android.view.View, android.view.View, int) 2">
    <annotation name="androidx.annotation.IntDef">
      <val name="value" val="{android.view.View.FOCUS_LEFT, android.view.View.FOCUS_UP, android.view.View.FOCUS_RIGHT, android.view.View.FOCUS_DOWN, android.view.View.FOCUS_FORWARD, android.view.View.FOCUS_BACKWARD}" />
    </annotation>
  </item>
  <item name="com.heytap.wearable.support.recycler.v4.ViewCompat boolean dispatchNestedPreScroll(android.view.View, int, int, int[], int[], int) 5">
    <annotation name="androidx.annotation.IntDef">
      <val name="value" val="{com.heytap.wearable.support.recycler.v4.ViewCompat.TYPE_TOUCH, com.heytap.wearable.support.recycler.v4.ViewCompat.TYPE_NON_TOUCH}" />
    </annotation>
  </item>
  <item name="com.heytap.wearable.support.recycler.v4.ViewCompat boolean dispatchNestedScroll(android.view.View, int, int, int, int, int[], int) 6">
    <annotation name="androidx.annotation.IntDef">
      <val name="value" val="{com.heytap.wearable.support.recycler.v4.ViewCompat.TYPE_TOUCH, com.heytap.wearable.support.recycler.v4.ViewCompat.TYPE_NON_TOUCH}" />
    </annotation>
  </item>
  <item name="com.heytap.wearable.support.recycler.v4.ViewCompat boolean hasNestedScrollingParent(android.view.View, int) 1">
    <annotation name="androidx.annotation.IntDef">
      <val name="value" val="{com.heytap.wearable.support.recycler.v4.ViewCompat.TYPE_TOUCH, com.heytap.wearable.support.recycler.v4.ViewCompat.TYPE_NON_TOUCH}" />
    </annotation>
  </item>
  <item name="com.heytap.wearable.support.recycler.v4.ViewCompat boolean startNestedScroll(android.view.View, int) 1">
    <annotation name="androidx.annotation.IntDef">
      <val name="value" val="{com.heytap.wearable.support.recycler.v4.ViewCompat.SCROLL_AXIS_NONE, com.heytap.wearable.support.recycler.v4.ViewCompat.SCROLL_AXIS_HORIZONTAL, com.heytap.wearable.support.recycler.v4.ViewCompat.SCROLL_AXIS_VERTICAL}" />
      <val name="flag" val="true" />
    </annotation>
  </item>
  <item name="com.heytap.wearable.support.recycler.v4.ViewCompat boolean startNestedScroll(android.view.View, int, int) 1">
    <annotation name="androidx.annotation.IntDef">
      <val name="value" val="{com.heytap.wearable.support.recycler.v4.ViewCompat.SCROLL_AXIS_NONE, com.heytap.wearable.support.recycler.v4.ViewCompat.SCROLL_AXIS_HORIZONTAL, com.heytap.wearable.support.recycler.v4.ViewCompat.SCROLL_AXIS_VERTICAL}" />
      <val name="flag" val="true" />
    </annotation>
  </item>
  <item name="com.heytap.wearable.support.recycler.v4.ViewCompat boolean startNestedScroll(android.view.View, int, int) 2">
    <annotation name="androidx.annotation.IntDef">
      <val name="value" val="{com.heytap.wearable.support.recycler.v4.ViewCompat.TYPE_TOUCH, com.heytap.wearable.support.recycler.v4.ViewCompat.TYPE_NON_TOUCH}" />
    </annotation>
  </item>
  <item name="com.heytap.wearable.support.recycler.v4.ViewCompat int getAccessibilityLiveRegion(android.view.View)">
    <annotation name="androidx.annotation.IntDef">
      <val name="value" val="{com.heytap.wearable.support.recycler.v4.ViewCompat.ACCESSIBILITY_LIVE_REGION_NONE, com.heytap.wearable.support.recycler.v4.ViewCompat.ACCESSIBILITY_LIVE_REGION_POLITE, com.heytap.wearable.support.recycler.v4.ViewCompat.ACCESSIBILITY_LIVE_REGION_ASSERTIVE}" />
    </annotation>
  </item>
  <item name="com.heytap.wearable.support.recycler.v4.ViewCompat int getImportantForAccessibility(android.view.View)">
    <annotation name="androidx.annotation.IntDef">
      <val name="value" val="{com.heytap.wearable.support.recycler.v4.ViewCompat.IMPORTANT_FOR_ACCESSIBILITY_AUTO, com.heytap.wearable.support.recycler.v4.ViewCompat.IMPORTANT_FOR_ACCESSIBILITY_YES, com.heytap.wearable.support.recycler.v4.ViewCompat.IMPORTANT_FOR_ACCESSIBILITY_NO, com.heytap.wearable.support.recycler.v4.ViewCompat.IMPORTANT_FOR_ACCESSIBILITY_NO_HIDE_DESCENDANTS}" />
    </annotation>
  </item>
  <item name="com.heytap.wearable.support.recycler.v4.ViewCompat int getImportantForAutofill(android.view.View)">
    <annotation name="androidx.annotation.IntDef">
      <val name="value" val="{android.view.View.IMPORTANT_FOR_AUTOFILL_AUTO, android.view.View.IMPORTANT_FOR_AUTOFILL_YES, android.view.View.IMPORTANT_FOR_AUTOFILL_NO, android.view.View.IMPORTANT_FOR_AUTOFILL_YES_EXCLUDE_DESCENDANTS, android.view.View.IMPORTANT_FOR_AUTOFILL_NO_EXCLUDE_DESCENDANTS}" />
    </annotation>
  </item>
  <item name="com.heytap.wearable.support.recycler.v4.ViewCompat int getLayerType(android.view.View)">
    <annotation name="androidx.annotation.IntDef">
      <val name="value" val="{android.view.View.LAYER_TYPE_NONE, android.view.View.LAYER_TYPE_SOFTWARE, android.view.View.LAYER_TYPE_HARDWARE}" />
    </annotation>
  </item>
  <item name="com.heytap.wearable.support.recycler.v4.ViewCompat int getLayoutDirection(android.view.View)">
    <annotation name="androidx.annotation.IntDef">
      <val name="value" val="{com.heytap.wearable.support.recycler.v4.ViewCompat.LAYOUT_DIRECTION_LTR, com.heytap.wearable.support.recycler.v4.ViewCompat.LAYOUT_DIRECTION_RTL}" />
    </annotation>
  </item>
  <item name="com.heytap.wearable.support.recycler.v4.ViewCompat int getOverScrollMode(android.view.View)">
    <annotation name="androidx.annotation.IntDef">
      <val name="value" val="{com.heytap.wearable.support.recycler.v4.ViewCompat.OVER_SCROLL_ALWAYS, com.heytap.wearable.support.recycler.v4.ViewCompat.OVER_SCROLL_IF_CONTENT_SCROLLS, com.heytap.wearable.support.recycler.v4.ViewCompat.OVER_SCROLL_NEVER}" />
    </annotation>
  </item>
  <item name="com.heytap.wearable.support.recycler.v4.ViewCompat void setAccessibilityLiveRegion(android.view.View, int) 1">
    <annotation name="androidx.annotation.IntDef">
      <val name="value" val="{com.heytap.wearable.support.recycler.v4.ViewCompat.ACCESSIBILITY_LIVE_REGION_NONE, com.heytap.wearable.support.recycler.v4.ViewCompat.ACCESSIBILITY_LIVE_REGION_POLITE, com.heytap.wearable.support.recycler.v4.ViewCompat.ACCESSIBILITY_LIVE_REGION_ASSERTIVE}" />
    </annotation>
  </item>
  <item name="com.heytap.wearable.support.recycler.v4.ViewCompat void setImportantForAccessibility(android.view.View, int) 1">
    <annotation name="androidx.annotation.IntDef">
      <val name="value" val="{com.heytap.wearable.support.recycler.v4.ViewCompat.IMPORTANT_FOR_ACCESSIBILITY_AUTO, com.heytap.wearable.support.recycler.v4.ViewCompat.IMPORTANT_FOR_ACCESSIBILITY_YES, com.heytap.wearable.support.recycler.v4.ViewCompat.IMPORTANT_FOR_ACCESSIBILITY_NO, com.heytap.wearable.support.recycler.v4.ViewCompat.IMPORTANT_FOR_ACCESSIBILITY_NO_HIDE_DESCENDANTS}" />
    </annotation>
  </item>
  <item name="com.heytap.wearable.support.recycler.v4.ViewCompat void setImportantForAutofill(android.view.View, int) 1">
    <annotation name="androidx.annotation.IntDef">
      <val name="value" val="{android.view.View.IMPORTANT_FOR_AUTOFILL_AUTO, android.view.View.IMPORTANT_FOR_AUTOFILL_YES, android.view.View.IMPORTANT_FOR_AUTOFILL_NO, android.view.View.IMPORTANT_FOR_AUTOFILL_YES_EXCLUDE_DESCENDANTS, android.view.View.IMPORTANT_FOR_AUTOFILL_NO_EXCLUDE_DESCENDANTS}" />
    </annotation>
  </item>
  <item name="com.heytap.wearable.support.recycler.v4.ViewCompat void setLayerType(android.view.View, int, android.graphics.Paint) 1">
    <annotation name="androidx.annotation.IntDef">
      <val name="value" val="{android.view.View.LAYER_TYPE_NONE, android.view.View.LAYER_TYPE_SOFTWARE, android.view.View.LAYER_TYPE_HARDWARE}" />
    </annotation>
  </item>
  <item name="com.heytap.wearable.support.recycler.v4.ViewCompat void setLayoutDirection(android.view.View, int) 1">
    <annotation name="androidx.annotation.IntDef">
      <val name="value" val="{com.heytap.wearable.support.recycler.v4.ViewCompat.LAYOUT_DIRECTION_LTR, com.heytap.wearable.support.recycler.v4.ViewCompat.LAYOUT_DIRECTION_RTL, com.heytap.wearable.support.recycler.v4.ViewCompat.LAYOUT_DIRECTION_INHERIT, com.heytap.wearable.support.recycler.v4.ViewCompat.LAYOUT_DIRECTION_LOCALE}" />
    </annotation>
  </item>
  <item name="com.heytap.wearable.support.recycler.v4.ViewCompat void setOverScrollMode(android.view.View, int) 1">
    <annotation name="androidx.annotation.IntDef">
      <val name="value" val="{com.heytap.wearable.support.recycler.v4.ViewCompat.OVER_SCROLL_ALWAYS, com.heytap.wearable.support.recycler.v4.ViewCompat.OVER_SCROLL_IF_CONTENT_SCROLLS, com.heytap.wearable.support.recycler.v4.ViewCompat.OVER_SCROLL_NEVER}" />
    </annotation>
  </item>
  <item name="com.heytap.wearable.support.recycler.v4.ViewCompat void setScrollIndicators(android.view.View, int) 1">
    <annotation name="androidx.annotation.IntDef">
      <val name="flag" val="true" />
      <val name="value" val="{com.heytap.wearable.support.recycler.v4.ViewCompat.SCROLL_INDICATOR_TOP, com.heytap.wearable.support.recycler.v4.ViewCompat.SCROLL_INDICATOR_BOTTOM, com.heytap.wearable.support.recycler.v4.ViewCompat.SCROLL_INDICATOR_LEFT, com.heytap.wearable.support.recycler.v4.ViewCompat.SCROLL_INDICATOR_RIGHT, com.heytap.wearable.support.recycler.v4.ViewCompat.SCROLL_INDICATOR_START, com.heytap.wearable.support.recycler.v4.ViewCompat.SCROLL_INDICATOR_END}" />
    </annotation>
  </item>
  <item name="com.heytap.wearable.support.recycler.v4.ViewCompat void setScrollIndicators(android.view.View, int, int) 1">
    <annotation name="androidx.annotation.IntDef">
      <val name="flag" val="true" />
      <val name="value" val="{com.heytap.wearable.support.recycler.v4.ViewCompat.SCROLL_INDICATOR_TOP, com.heytap.wearable.support.recycler.v4.ViewCompat.SCROLL_INDICATOR_BOTTOM, com.heytap.wearable.support.recycler.v4.ViewCompat.SCROLL_INDICATOR_LEFT, com.heytap.wearable.support.recycler.v4.ViewCompat.SCROLL_INDICATOR_RIGHT, com.heytap.wearable.support.recycler.v4.ViewCompat.SCROLL_INDICATOR_START, com.heytap.wearable.support.recycler.v4.ViewCompat.SCROLL_INDICATOR_END}" />
    </annotation>
  </item>
  <item name="com.heytap.wearable.support.recycler.v4.ViewCompat void setScrollIndicators(android.view.View, int, int) 2">
    <annotation name="androidx.annotation.IntDef">
      <val name="flag" val="true" />
      <val name="value" val="{com.heytap.wearable.support.recycler.v4.ViewCompat.SCROLL_INDICATOR_TOP, com.heytap.wearable.support.recycler.v4.ViewCompat.SCROLL_INDICATOR_BOTTOM, com.heytap.wearable.support.recycler.v4.ViewCompat.SCROLL_INDICATOR_LEFT, com.heytap.wearable.support.recycler.v4.ViewCompat.SCROLL_INDICATOR_RIGHT, com.heytap.wearable.support.recycler.v4.ViewCompat.SCROLL_INDICATOR_START, com.heytap.wearable.support.recycler.v4.ViewCompat.SCROLL_INDICATOR_END}" />
    </annotation>
  </item>
  <item name="com.heytap.wearable.support.recycler.v4.ViewCompat void stopNestedScroll(android.view.View, int) 1">
    <annotation name="androidx.annotation.IntDef">
      <val name="value" val="{com.heytap.wearable.support.recycler.v4.ViewCompat.TYPE_TOUCH, com.heytap.wearable.support.recycler.v4.ViewCompat.TYPE_NON_TOUCH}" />
    </annotation>
  </item>
  <item name="com.heytap.wearable.support.recycler.v4.ViewCompat.FocusDirection">
    <annotation name="androidx.annotation.IntDef">
      <val name="value" val="{android.view.View.FOCUS_LEFT, android.view.View.FOCUS_UP, android.view.View.FOCUS_RIGHT, android.view.View.FOCUS_DOWN, android.view.View.FOCUS_FORWARD, android.view.View.FOCUS_BACKWARD}" />
    </annotation>
  </item>
  <item name="com.heytap.wearable.support.recycler.v4.ViewCompat.FocusRealDirection">
    <annotation name="androidx.annotation.IntDef">
      <val name="value" val="{android.view.View.FOCUS_LEFT, android.view.View.FOCUS_UP, android.view.View.FOCUS_RIGHT, android.view.View.FOCUS_DOWN}" />
    </annotation>
  </item>
  <item name="com.heytap.wearable.support.recycler.v4.ViewCompat.FocusRelativeDirection">
    <annotation name="androidx.annotation.IntDef">
      <val name="value" val="{android.view.View.FOCUS_FORWARD, android.view.View.FOCUS_BACKWARD}" />
    </annotation>
  </item>
  <item name="com.heytap.wearable.support.recycler.v4.ViewCompat.NestedScrollType">
    <annotation name="androidx.annotation.IntDef">
      <val name="value" val="{com.heytap.wearable.support.recycler.v4.ViewCompat.TYPE_TOUCH, com.heytap.wearable.support.recycler.v4.ViewCompat.TYPE_NON_TOUCH}" />
    </annotation>
  </item>
  <item name="com.heytap.wearable.support.recycler.v4.ViewCompat.ScrollAxis">
    <annotation name="androidx.annotation.IntDef">
      <val name="value" val="{com.heytap.wearable.support.recycler.v4.ViewCompat.SCROLL_AXIS_NONE, com.heytap.wearable.support.recycler.v4.ViewCompat.SCROLL_AXIS_HORIZONTAL, com.heytap.wearable.support.recycler.v4.ViewCompat.SCROLL_AXIS_VERTICAL}" />
      <val name="flag" val="true" />
    </annotation>
  </item>
  <item name="com.heytap.wearable.support.recycler.v4.ViewCompat.ScrollIndicators">
    <annotation name="androidx.annotation.IntDef">
      <val name="flag" val="true" />
      <val name="value" val="{com.heytap.wearable.support.recycler.v4.ViewCompat.SCROLL_INDICATOR_TOP, com.heytap.wearable.support.recycler.v4.ViewCompat.SCROLL_INDICATOR_BOTTOM, com.heytap.wearable.support.recycler.v4.ViewCompat.SCROLL_INDICATOR_LEFT, com.heytap.wearable.support.recycler.v4.ViewCompat.SCROLL_INDICATOR_RIGHT, com.heytap.wearable.support.recycler.v4.ViewCompat.SCROLL_INDICATOR_START, com.heytap.wearable.support.recycler.v4.ViewCompat.SCROLL_INDICATOR_END}" />
    </annotation>
  </item>
  <item name="com.heytap.wearable.support.recycler.v4.ViewCompat.ViewCompatApi26Impl android.view.View keyboardNavigationClusterSearch(android.view.View, android.view.View, int) 2">
    <annotation name="androidx.annotation.IntDef">
      <val name="value" val="{android.view.View.FOCUS_LEFT, android.view.View.FOCUS_UP, android.view.View.FOCUS_RIGHT, android.view.View.FOCUS_DOWN, android.view.View.FOCUS_FORWARD, android.view.View.FOCUS_BACKWARD}" />
    </annotation>
  </item>
  <item name="com.heytap.wearable.support.recycler.v4.ViewCompat.ViewCompatApi26Impl int getImportantForAutofill(android.view.View)">
    <annotation name="androidx.annotation.IntDef">
      <val name="value" val="{android.view.View.IMPORTANT_FOR_AUTOFILL_AUTO, android.view.View.IMPORTANT_FOR_AUTOFILL_YES, android.view.View.IMPORTANT_FOR_AUTOFILL_NO, android.view.View.IMPORTANT_FOR_AUTOFILL_YES_EXCLUDE_DESCENDANTS, android.view.View.IMPORTANT_FOR_AUTOFILL_NO_EXCLUDE_DESCENDANTS}" />
    </annotation>
  </item>
  <item name="com.heytap.wearable.support.recycler.v4.ViewCompat.ViewCompatApi26Impl void setImportantForAutofill(android.view.View, int) 1">
    <annotation name="androidx.annotation.IntDef">
      <val name="value" val="{android.view.View.IMPORTANT_FOR_AUTOFILL_AUTO, android.view.View.IMPORTANT_FOR_AUTOFILL_YES, android.view.View.IMPORTANT_FOR_AUTOFILL_NO, android.view.View.IMPORTANT_FOR_AUTOFILL_YES_EXCLUDE_DESCENDANTS, android.view.View.IMPORTANT_FOR_AUTOFILL_NO_EXCLUDE_DESCENDANTS}" />
    </annotation>
  </item>
  <item name="com.heytap.wearable.support.recycler.v4.ViewCompat.ViewCompatBaseImpl android.view.View keyboardNavigationClusterSearch(android.view.View, android.view.View, int) 2">
    <annotation name="androidx.annotation.IntDef">
      <val name="value" val="{android.view.View.FOCUS_LEFT, android.view.View.FOCUS_UP, android.view.View.FOCUS_RIGHT, android.view.View.FOCUS_DOWN, android.view.View.FOCUS_FORWARD, android.view.View.FOCUS_BACKWARD}" />
    </annotation>
  </item>
  <item name="com.heytap.wearable.support.recycler.v4.ViewCompat.ViewCompatBaseImpl int getImportantForAutofill(android.view.View)">
    <annotation name="androidx.annotation.IntDef">
      <val name="value" val="{android.view.View.IMPORTANT_FOR_AUTOFILL_AUTO, android.view.View.IMPORTANT_FOR_AUTOFILL_YES, android.view.View.IMPORTANT_FOR_AUTOFILL_NO, android.view.View.IMPORTANT_FOR_AUTOFILL_YES_EXCLUDE_DESCENDANTS, android.view.View.IMPORTANT_FOR_AUTOFILL_NO_EXCLUDE_DESCENDANTS}" />
    </annotation>
  </item>
  <item name="com.heytap.wearable.support.recycler.v4.ViewCompat.ViewCompatBaseImpl void setImportantForAutofill(android.view.View, int) 1">
    <annotation name="androidx.annotation.IntDef">
      <val name="value" val="{android.view.View.IMPORTANT_FOR_AUTOFILL_AUTO, android.view.View.IMPORTANT_FOR_AUTOFILL_YES, android.view.View.IMPORTANT_FOR_AUTOFILL_NO, android.view.View.IMPORTANT_FOR_AUTOFILL_YES_EXCLUDE_DESCENDANTS, android.view.View.IMPORTANT_FOR_AUTOFILL_NO_EXCLUDE_DESCENDANTS}" />
    </annotation>
  </item>
</root>

