<?xml version="1.0" encoding="UTF-8"?>
<root>
  <item name="com.heytap.wearable.support.viewpager.HeyFragmentPagerAdapter HeyFragmentPagerAdapter(androidx.fragment.app.FragmentManager, int) 1">
    <annotation name="androidx.annotation.IntDef">
      <val name="value" val="{com.heytap.wearable.support.viewpager.HeyFragmentPagerAdapter.BEHAVIOR_SET_USER_VISIBLE_HINT, com.heytap.wearable.support.viewpager.HeyFragmentPagerAdapter.BEHAVIOR_RESUME_ONLY_CURRENT_FRAGMENT}" />
    </annotation>
  </item>
  <item name="com.heytap.wearable.support.viewpager.HeyFragmentStatePagerAdapter HeyFragmentStatePagerAdapter(androidx.fragment.app.FragmentManager, int) 1">
    <annotation name="androidx.annotation.IntDef">
      <val name="value" val="{com.heytap.wearable.support.viewpager.HeyFragmentStatePagerAdapter.BEHAVIOR_SET_USER_VISIBLE_HINT, com.heytap.wearable.support.viewpager.HeyFragmentStatePagerAdapter.BEHAVIOR_RESUME_ONLY_CURRENT_FRAGMENT}" />
    </annotation>
  </item>
</root>

